{"Property":{"0":"Old Kent Road","1":"Whitechapel Road","2":"The Angel Islington","3":"Euston Road","4":"Pentonville Road","5":"Pall Mall","6":"Whitehall","7":"Northumberland Avenue","8":"Bow Street","9":"Marlborough Street","10":"Vine Street","11":"The Strand","12":"Fleet Street","13":"Trafalgar Square","14":"Leicester Square","15":"Coventry Street","16":"Piccadilly","17":"Regent Street","18":"Oxford Street","19":"Bond Street","20":"Park Lane","21":"Mayfair","22":"King's Cross Station","23":"Marylebone Station","24":"Fenchurch St. Station","25":"Liverpool St. Station","26":"Electric Company","27":"Water Works"},"In legal actions (early game)":{"0":883,"1":1020,"2":124,"3":57,"4":100,"5":0,"6":0,"7":0,"8":0,"9":0,"10":0,"11":0,"12":0,"13":0,"14":0,"15":0,"16":0,"17":0,"18":0,"19":0,"20":9,"21":12,"22":0,"23":0,"24":0,"25":0,"26":0,"27":0},"In legal actions (late game)":{"0":2450,"1":2859,"2":124,"3":107,"4":127,"5":6,"6":0,"7":1,"8":36,"9":31,"10":20,"11":0,"12":0,"13":0,"14":0,"15":0,"16":0,"17":0,"18":0,"19":0,"20":0,"21":0,"22":0,"23":0,"24":0,"25":0,"26":0,"27":0},"Action taken (early game)":{"0":92,"1":83,"2":10,"3":3,"4":7,"5":0,"6":0,"7":0,"8":0,"9":0,"10":0,"11":0,"12":0,"13":0,"14":0,"15":0,"16":0,"17":0,"18":0,"19":0,"20":0,"21":1,"22":0,"23":0,"24":0,"25":0,"26":0,"27":0},"Action taken (late game)":{"0":198,"1":207,"2":14,"3":11,"4":9,"5":0,"6":0,"7":0,"8":2,"9":2,"10":3,"11":0,"12":0,"13":0,"14":0,"15":0,"16":0,"17":0,"18":0,"19":0,"20":0,"21":0,"22":0,"23":0,"24":0,"25":0,"26":0,"27":0},"In legal actions (low wealth)":{"0":855,"1":852,"2":7,"3":8,"4":21,"5":0,"6":0,"7":0,"8":0,"9":0,"10":0,"11":0,"12":0,"13":0,"14":0,"15":0,"16":0,"17":0,"18":0,"19":0,"20":0,"21":0,"22":0,"23":0,"24":0,"25":0,"26":0,"27":0},"In legal actions (high wealth)":{"0":2478,"1":3027,"2":241,"3":156,"4":206,"5":6,"6":0,"7":1,"8":36,"9":31,"10":20,"11":0,"12":0,"13":0,"14":0,"15":0,"16":0,"17":0,"18":0,"19":0,"20":9,"21":12,"22":0,"23":0,"24":0,"25":0,"26":0,"27":0},"Action taken (low wealth)":{"0":82,"1":80,"2":3,"3":1,"4":0,"5":0,"6":0,"7":0,"8":0,"9":0,"10":0,"11":0,"12":0,"13":0,"14":0,"15":0,"16":0,"17":0,"18":0,"19":0,"20":0,"21":0,"22":0,"23":0,"24":0,"25":0,"26":0,"27":0},"Action taken (high wealth)":{"0":208,"1":210,"2":21,"3":13,"4":16,"5":0,"6":0,"7":0,"8":2,"9":2,"10":3,"11":0,"12":0,"13":0,"14":0,"15":0,"16":0,"17":0,"18":0,"19":0,"20":0,"21":1,"22":0,"23":0,"24":0,"25":0,"26":0,"27":0},"Proportion sold hotel on (early game)":{"0":0.1041902605,"1":0.081372549,"2":0.0806451613,"3":0.0526315789,"4":0.07,"5":null,"6":null,"7":null,"8":null,"9":null,"10":null,"11":null,"12":null,"13":null,"14":null,"15":null,"16":null,"17":null,"18":null,"19":null,"20":0.0,"21":0.0833333333,"22":null,"23":null,"24":null,"25":null,"26":null,"27":null},"Error (early game)":{"0":0.0656980621,"1":0.0606321063,"2":0.1610405641,"3":0.2162065906,"4":0.1752266727,"5":null,"6":null,"7":null,"8":null,"9":null,"10":null,"11":null,"12":null,"13":null,"14":null,"15":null,"16":null,"17":null,"18":null,"19":null,"20":0.2991450484,"21":0.3353573881,"22":null,"23":null,"24":null,"25":null,"26":null,"27":null},"Proportion sold hotel on (late game)":{"0":0.0808163265,"1":0.0724029381,"2":0.1129032258,"3":0.1028037383,"4":0.0708661417,"5":0.0,"6":null,"7":0.0,"8":0.0555555556,"9":0.064516129,"10":0.15,"11":null,"12":null,"13":null,"14":null,"15":null,"16":null,"17":null,"18":null,"19":null,"20":null,"21":null,"22":null,"23":null,"24":null,"25":null,"26":null,"27":null},"Error (late game)":{"0":0.0395581471,"1":0.0365330922,"2":0.1641795878,"3":0.1738932737,"4":0.158411153,"5":0.2828927733,"6":null,"7":0.0,"8":0.2541997758,"9":0.2684213459,"10":0.3270641097,"11":null,"12":null,"13":null,"14":null,"15":null,"16":null,"17":null,"18":null,"19":null,"20":null,"21":null,"22":null,"23":null,"24":null,"25":null,"26":null,"27":null},"Proportion sold hotel on (low wealth)":{"0":0.0959064327,"1":0.0938967136,"2":0.4285714286,"3":0.125,"4":0.0,"5":null,"6":null,"7":null,"8":null,"9":null,"10":null,"11":null,"12":null,"13":null,"14":null,"15":null,"16":null,"17":null,"18":null,"19":null,"20":null,"21":null,"22":null,"23":null,"24":null,"25":null,"26":null,"27":null},"Error (low wealth)":{"0":0.06647462,"1":0.0665250908,"2":0.4998006219,"3":0.3625495582,"4":0.2770029953,"5":null,"6":null,"7":null,"8":null,"9":null,"10":null,"11":null,"12":null,"13":null,"14":null,"15":null,"16":null,"17":null,"18":null,"19":null,"20":null,"21":null,"22":null,"23":null,"24":null,"25":null,"26":null,"27":null},"Proportion sold hotel on (high wealth)":{"0":0.0839386602,"1":0.0693756194,"2":0.0871369295,"3":0.0833333333,"4":0.0776699029,"5":0.0,"6":null,"7":0.0,"8":0.0555555556,"9":0.064516129,"10":0.15,"11":null,"12":null,"13":null,"14":null,"15":null,"16":null,"17":null,"18":null,"19":null,"20":0.0,"21":0.0833333333,"22":null,"23":null,"24":null,"25":null,"26":null,"27":null},"Error (high wealth)":{"0":0.0393936092,"1":0.0354736977,"2":0.1202493896,"3":0.1459267096,"4":0.12845406,"5":0.2828927733,"6":null,"7":0.0,"8":0.2541997758,"9":0.2684213459,"10":0.3270641097,"11":null,"12":null,"13":null,"14":null,"15":null,"16":null,"17":null,"18":null,"19":null,"20":0.2991450484,"21":0.3353573881,"22":null,"23":null,"24":null,"25":null,"26":null,"27":null}}